newData(relu_act),noData(relu_act),latency(relu_act),newData(leaky_relu_act),noData(leaky_relu_act),latency(leaky_relu_act),newData(tanh_act),noData(tanh_act),latency(tanh_act),newData(sigmoid_act),noData(sigmoid_act),latency(sigmoid_act),newData(scalar_mult),noData(scalar_mult),latency(scalar_mult),newData(small_dense),noData(small_dense),latency(small_dense),newData(big_dense),noData(big_dense),latency(big_dense),newData(simple_conv2d),noData(simple_conv2d),latency(simple_conv2d),newData(strided_conv2d),noData(strided_conv2d),latency(strided_conv2d),newData(dilated_conv2d),noData(dilated_conv2d),latency(dilated_conv2d),newData(small_conv2d),noData(small_conv2d),latency(small_conv2d),newData(big_conv2d),noData(big_conv2d),latency(big_conv2d),newData(few_conv2d),noData(few_conv2d),latency(few_conv2d),newData(many_conv2d),noData(many_conv2d),latency(many_conv2d)
0.0035845759994117543,0.0015032769997560536,0.001686899999185698,0.0017215479992955807,0.005658590000166441,0.0002783519994409289,0.0019977860001745285,0.001377640000100655,0.00021428900072351098,0.0017283189999943716,0.0018123999998351792,-0.0008946660000219708,0.0017458580005040858,0.0017279809999308782,0.00024363900047319476,0.0019719470001291484,0.0019512429998940206,0.0004903230001218617,0.0018942149999929825,0.0017353630000798148,0.0004344079998190864,0.00723454099988885,0.006084410999392276,0.0013678819996130187,0.0032078779995572404,0.0027990739999950165,0.0009951330002877512,0.007304650999685691,0.008337654000570183,-2.059600046777632e-05,0.0062219239998739795,0.006524164000438759,0.0010979440003211494,0.006671046000519709,0.007351649000156613,0.0008972250006991089,0.004111700000066776,0.004605338999681408,0.0007906369992269902,0.10883334800018929,0.11242440299974987,0.010632337000060943
0.0020780089998879703,0.001535203000457841,0.0003006110000569606,0.001488729999437055,0.002055027000096743,3.7863998841203284e-05,0.001831947000027867,0.0013848199996573385,6.650999966950621e-05,0.0014688319997731014,0.001814526000089245,9.933000001183245e-06,0.0014440059994740295,0.0018692519997784984,1.1081999218731653e-05,0.0014442649999182322,0.0019380909998290008,2.4639000002935063e-05,0.0014437820000239299,0.0018601259998831665,-3.3413999517506454e-05,0.006028675999914412,0.006226125000466709,-3.849900076602353e-05,0.0023290439994525514,0.0032073100001070998,8.916200022213161e-05,0.008739926000089326,0.0082091809999838,0.000736115000108839,0.005597489999672689,0.00638597099987237,0.0003679410001495853,0.006013039000208664,0.007178995000685973,0.00010308200035069603,0.0033659299997452763,0.004570073999275337,9.454399969399674e-05,0.08605925899973954,0.10657119799998327,-0.026510903000598773
0.0017943449993254035,0.001518000000032771,6.310399930953281e-05,0.001448945999982243,0.002143198999874585,2.7719000172510277e-05,0.0017491069993411656,0.0013585320002675871,-1.907700061565265e-05,0.0014912140004526009,0.0016316820001520682,1.9352000890648924e-05,0.0015586939998684102,0.0019009930001629982,-4.071999683219474e-06,0.001471456999752263,0.002175704999899608,3.2809000003908295e-05,0.0014994630000728648,0.0017584790002729278,-1.5409000297950115e-05,0.005768101000285242,0.006391940999492363,2.873999983421527e-05,0.0023673769992456073,0.0026870580004469957,0.00020911699994030641,0.008670053000059852,0.008095780000076047,0.0007244889993671677,0.006385931000295386,0.0066204670001752675,-4.3956999434158206e-05,0.005933676000495325,0.007212415999674704,-0.0007164539993027574,0.003501637999761442,0.004382843999337638,0.00022857000021758722,0.1141828859999805,0.10674685599951772,0.016354912000679178
0.001759301999300078,0.0015149569999266532,-1.669200082687894e-05,0.0014474049994532834,0.0019003280003744294,3.9228999412443954e-05,0.0016648890004944406,0.0013808600006086635,0.00010224700054095592,0.001466429000174685,0.0016175610007849173,-1.692999830993358e-06,0.0015627049997419817,0.0021659759995600325,0.0001353150000795722,0.001439204000234895,0.0018772530002024723,-2.8950999876542483e-05,0.0015129069997783517,0.0018027960004474153,4.8578999667370226e-05,0.005930348999754642,0.0062465289993269835,0.00012023099952784833,0.0025414859992451966,0.0031826229997022892,0.00036155799898551777,0.008616111000264937,0.008104796999759856,0.0005790730010630796,0.007574698999633256,0.006491646000540641,0.0010091670001202147,0.008340047000274353,0.00706835700020747,0.0008483760002491181,0.003538984000442724,0.0044480369997472735,0.0002026290003414033,0.09749855899917748,0.08076821400027256,-0.010922093000772293
0.0021704920000047423,0.0014736029997948208,0.0002171199994336348,0.0014134719995126943,0.0066867900004581315,7.85999873187393e-07,0.0016114930003823247,0.0013789189997623907,5.406899981608149e-05,0.0014769720000913367,0.0016618030003883177,6.494399985967902e-05,0.0014970599995649536,0.0023116379998100456,1.3821999345964286e-05,0.0015137979999053641,0.0023336390004260466,5.0954000471392646e-05,0.001548346000163292,0.0016059390000009444,4.624899975169683e-05,0.006313064999631024,0.006091913000091154,2.9075999918859452e-05,0.002411082999969949,0.003219891000298958,0.0001524479994259309,0.008833707999656326,0.008341748000020743,0.0006838299996161368,0.007171731000198633,0.006420543999411166,1.8400000044493936e-05,0.008158020999871951,0.006917377000718261,0.0008391569999730564,0.003522562999933143,0.0039704039991192985,0.00029097100014041644,0.10052613300013036,0.1040465240002959,-0.006508540999675461
0.001895847000014328,0.0015956659999574185,1.586399957886897e-05,0.0014429449993258459,0.0019506680000631604,1.5275998521246947e-05,0.0016153879996636533,0.0013877669998692,-0.00010450300032971427,0.001451347000511305,0.0016276490005111555,3.9079000998754054e-05,0.0014161009994495544,0.002064989000245987,2.1037999431428034e-05,0.0014786730007472215,0.0021242319999146275,5.983100072626257e-05,0.0015333080000345944,0.0017999829997279448,7.156799983931705e-05,0.007502481999836164,0.006582429999980377,1.056099972629454e-05,0.0025042059996849275,0.003093448000072385,0.00011710499984474154,0.008640903000014077,0.008328068999617244,0.0004576580004140851,0.007602425000186486,0.006638846999521775,0.0010049320007965434,0.008051514999351639,0.006676940999568615,-0.0007303780012080097,0.0035139829997206107,0.004291737999665202,0.00017024499993567588,0.10776963799980877,0.09549644800063106,0.0009817050004130579
0.0023484189996452187,0.001536806999865803,0.0002687500000320142,0.0014387620003617485,0.002623175999360683,-1.7035999007930513e-05,0.0016667079999024281,0.001379985999847122,0.00011805600024672458,0.0014221000001271022,0.0016367460002584266,2.425900038360851e-05,0.0014243050000004587,0.0021703510001316317,2.9593999897770118e-05,0.001510355000391428,0.0018636209997566766,3.7843999962206e-05,0.0014892570006850292,0.0023711579997325316,2.2827000975667033e-05,0.006058955000298738,0.006456971000261547,0.0002908260003096075,0.002433089999613003,0.0035505719997672713,5.103700004838174e-05,0.008747684000809386,0.008102161999886448,0.0006265830006668693,0.0073274239994134405,0.007151592999434797,0.0008535479992133332,0.008298267999634845,0.006943469999896479,0.000726964999557822,0.003380633999768179,0.0044442620001063915,6.095299977459945e-05,0.09889677299997857,0.09674653099955322,-0.009446865000427351
0.002749784000116051,0.0015389030004371307,0.0006020930004524416,0.0014395289999811212,0.0020765740000570077,-4.050600000482518e-05,0.001611026000318816,0.0013864040001863032,3.887999992002733e-05,0.0014284210001278552,0.0016422329999841168,9.346000297227874e-06,0.0015154719994825427,0.0019505939999362454,3.841399939119583e-05,0.0015366580000772956,0.0021699909993913025,9.953399967344012e-05,0.0014635629995609634,0.0017485239995949087,4.1969988160417415e-06,0.006047262000720366,0.006601471000067249,1.5414000699820463e-05,0.002546009000070626,0.0032564680004725233,0.00020378899989736965,0.009099925000555231,0.007732523999948171,0.0008998299999802839,0.007518162000451412,0.006744098999661219,0.0005001139998057624,0.008209235999856901,0.010375608000686043,0.00024436800049443264,0.003487533999759762,0.004654060000575555,0.00020926900015183492,0.10897278499942331,0.10711430900028063,0.0011426909995861934
0.002023013000325591,0.0015248589998009265,7.495800036849687e-05,0.0014039300003787503,0.00287874199966609,-3.673699939099606e-05,0.0016168700003618142,0.0013765499998044106,5.99450004301616e-05,0.0014499640001304215,0.0016360560002794955,1.457899998058565e-05,0.001430975000403123,0.001875111000117613,5.429600059869699e-05,0.0014915929996277555,0.001872135999292368,-3.4702000448305625e-05,0.0014446449995375588,0.0017063250006685848,3.588900017348351e-05,0.006423847000405658,0.007837432999622251,2.7477000003273133e-05,0.0027175919994988362,0.0035651200005304418,0.0002834979995895992,0.009279177999815147,0.007840674999897601,0.0010208150006292271,0.007121505000213801,0.006688012000267918,0.0007327160001295852,0.00808683299965196,0.006943858000340697,0.0012598949997482123,0.0035516490006557433,0.004986403999282629,0.00011389500014047371,0.09333501299988711,0.10170817099970009,-0.01882956000008562
0.0020738239991260343,0.0015441380000993377,-0.00019856700146192452,0.001516111999990244,0.00209445800010144,0.00014384800033440115,0.0016125499996633152,0.001378472999931546,5.9776999478344806e-05,0.0014749969996046275,0.00203127399981895,-0.00029716500102949794,0.0013833709999744315,0.0019158449995302362,-8.4530001913663e-06,0.0014788039998165914,0.0023764380002830876,-9.999894245993346e-09,0.0014349240000228747,0.0017420190006305347,-0.0001284769996345858,0.007596465000460739,0.008400554000218108,0.0007835340002202429,0.0027852860002894886,0.003069215999857988,0.0003966330004914198,0.008829526000226906,0.007613845999912883,0.0008192010000129812,0.007905301000391773,0.006777311999940139,0.0014522840010613436,0.0070372340005633305,0.007205336999504652,0.00016235800012509571,0.003941619000215724,0.005229011000665196,0.0001986639999813633,0.10643365099986113,0.08730326500062802,-0.0036419719999685185
0.0021261179999783053,0.001545434000036039,0.0001301359998251428,0.0014045370007806923,0.0016884209999261657,-3.765599922189722e-05,0.0016093710000859573,0.0013843130000168458,-3.2018000638345256e-05,0.001969624999219377,0.0017942309996215045,-7.054000889183953e-06,0.0014907110007698066,0.0020699400001831236,3.4346000575169455e-05,0.0015354779998233425,0.0019676110005093506,-8.008999975572806e-05,0.0014857090000077733,0.0016744740005378844,2.8120002752984874e-06,0.0067902460004916065,0.007467114000064612,-9.759599925018847e-05,0.0027840000002470333,0.0029193159998612828,0.0002135480008291779,0.008786053000221727,0.007406938000713126,0.0007199420006145374,0.0074044169996341225,0.00615434599967557,0.0006739489990650327,0.007223952000458667,0.006968863999645691,0.0005065090008429252,0.004311076999329089,0.00471834099971602,-1.542000063636806e-05,0.11027841000031913,0.08730119100073352,-0.0015927770000416785
0.002376504000494606,0.001546834000691888,0.00024083900007099146,0.0014071379991946742,0.0018449910003255354,-9.924000551109202e-06,0.0017523179994896054,0.0013819409996358445,-1.9410000277275685e-05,0.0020472200003496255,0.001905017000353837,-0.00429506999989826,0.0014750199998161406,0.002080281999951694,-2.220003807451576e-07,0.001582588999553991,0.0021735079999416484,0.00010044899954664288,0.0014240000000427244,0.0015728549997220398,-4.8730007620179094e-06,0.007055473000036727,0.008189700000002631,0.0007834200005163439,0.00290831700021954,0.0033137660002466873,0.00021754400040663313,0.008834774999741057,0.007472387999769126,0.0007922479999251664,0.0073771409997789306,0.005940560000453843,0.0008937130005506333,0.007289723000212689,0.006723784999849158,0.0004911350006295834,0.004849437000302714,0.004348655999820039,0.00041093200070463354,0.1028637819999858,0.10462125100002595,0.019696307000231172
0.0021038179993411177,0.0014339720000862144,-0.00047299900052166777,0.0014564680004696129,0.0018952320006064838,-1.0762999409053009e-05,0.0017515159997856244,0.0013806460001433152,4.86170001749997e-05,0.002163874999496329,0.0016449459999421379,-0.0010314460005247383,0.001836340000409109,0.0019543110001905006,-0.0004409499997564126,0.001500737000242225,0.0020435050000742194,-4.414199975144584e-05,0.0014216549998309347,0.0014876380000714562,-3.4222000067529734e-05,0.006501249999928405,0.006566582999766979,0.0006474129995694966,0.003100515999904019,0.003894089000823442,0.0003614309998738463,0.009203835000334948,0.007444236000083038,0.0009898830003294279,0.007398548000310257,0.00637241099957464,0.0009865730007732054,0.007275283000126365,0.006716636999954062,0.0003417349998926511,0.0050521670000307495,0.00479097700008424,0.0007677029998376383,0.11058789699927729,0.0767289069999606,-0.0003365090005900129
0.002388894999967306,0.001598611999725108,0.0004107630002181395,0.0014411199999813107,0.0020251679998182226,7.072900007187854e-05,0.0017655990004641353,0.0013616349997391808,3.61400007022894e-05,0.0024028379993978888,0.0022278240003288374,0.0006363479988067411,0.002694318000067142,0.0020119770006203908,0.0008182170004147338,0.0015111040002011578,0.002106423000441282,-2.9399999220913742e-05,0.0014263889997891965,0.0014992899996286724,2.0311999833211303e-05,0.006015934000060952,0.0062817180005367845,0.000194500000361586,0.002322443000593921,0.0033500759991511586,0.0002301760005138931,0.008315789000334917,0.007531676999860792,0.0007573499997306499,0.007081149999976333,0.006705016999148938,-0.00030850299935991643,0.0072596549998706905,0.007610464999743272,0.00040556099975219695,0.0054082019996712916,0.004932958000608778,0.0010137790004591807,0.10622065000006842,0.07772153400037496,0.007208936999631987
0.0021693889993912308,0.0015695930005676928,0.0003122159996564733,0.0013923009992140578,0.001504260999354301,-1.8490009097149596e-06,0.0021448540001074434,0.00138132099982613,0.00022238899964577286,0.0019552980002117692,0.001570186999742873,-2.363800012972206e-05,0.002143816000170773,0.0018617450004967395,-0.00010830300016095862,0.0015216769998005475,0.0015925940006127348,4.911499945592368e-05,0.001489295000283164,0.001491734999945038,4.42809996457072e-05,0.006172246000460291,0.006414694999875792,0.00022765200083085801,0.002345160000004398,0.0035043139996560058,0.00019801800044660922,0.008247908000157622,0.007481427999664447,0.0003834749995803577,0.007429219999721681,0.0067758369996226975,0.0010345009995944565,0.007969259000674356,0.007303526000214333,0.0005594060012299451,0.004906802999357751,0.00453118000041286,0.0009689720000096713,0.10957787299958,0.07855808499971317,0.00031974200010154163
0.0022424369999498595,0.0015935620003801887,0.00013263300024846103,0.0014152620005916106,0.0016116100005092449,-4.3460999222588725e-05,0.0026279079993400956,0.0014138110000203596,0.00043470699893077835,0.002097320999382646,0.002012877000197477,0.00021801199909532443,0.0022831220003354247,0.0017027320000124746,-0.001377282999783347,0.0014960139997128863,0.0016050530002758023,2.034599947364768e-05,0.0015510290004385752,0.00165020500026003,3.0248000257415697e-05,0.0058475179994275095,0.006451706000007107,0.00045537299956777133,0.0024287380001624115,0.0028362590001052013,0.00022079600057622883,0.008231654000155686,0.007453223000084108,0.000610658999903535,0.006396473999302543,0.0064991140006895876,0.000774516998717445,0.007809679999809305,0.0073659059999044985,0.0002502919996913988,0.00526927800001431,0.0043720459998439765,0.0008393130001422833,0.09927495400006592,0.08120604200030357,-0.009149556999545894
0.002161843000067165,0.0016284729999824776,0.00015301900020858739,0.001486914999986766,0.0016865219995452208,6.296900028246455e-05,0.002253117000691418,0.0013883339997846633,-0.0002882449989556335,0.0019761069997912273,0.0015675629992983886,0.0001349059994026902,0.0029271620005602017,0.0017291950007347623,0.0006398080004146323,0.0015113729996301117,0.0014932469994164421,5.499100007000379e-05,0.0014592360003007343,0.001931440000589646,4.458000148588326e-06,0.006155963000310294,0.006774508000489732,0.0002531890004320303,0.002398093999545381,0.002805483999509306,0.0001854699994510156,0.008149651999701746,0.007997112999873934,-0.0001778860005288152,0.005943713999840838,0.006371638999553397,-0.00016276399946946185,0.007620452999617555,0.007274016000337724,-0.0001340100006927969,0.0051335919997654855,0.004768488000081561,0.0005689999998139683,0.10925807600051485,0.07815082400065876,-0.0026241309997203643
0.0025739490001797094,0.0015124150004339754,0.00048095700003614184,0.0014383979996637208,0.0015585000001010485,3.5494000258040614e-05,0.002554218999648583,0.0013827109996782383,0.0004056309999214136,0.0017355250001855893,0.0023475719999623834,7.259300036821514e-05,0.0026892790001511457,0.0017006320003929432,-0.0003049420001843828,0.0014823199999227654,0.0016113570000015898,-6.961600047361571e-05,0.0014707379996252712,0.001657466000324348,6.579399905604078e-05,0.007340791999922658,0.006417739999960759,4.881000677414704e-06,0.0024131560003297636,0.002695756999855803,0.0001115869999921415,0.008985620000203198,0.00815577299999859,0.0008717160008018254,0.0070080859995869105,0.006733395999617642,0.0004489679995458573,0.007460918000106176,0.007203182000012021,0.0006264820003707428,0.005650226999932784,0.004858260000219161,0.000972023999565863,0.08187577600074292,0.07592868200026714,-0.022142637999422732
0.0022227260005820426,0.0015491770000153338,0.00023546900047222152,0.0014665030003016,0.0015424479997818707,4.105199968762463e-05,0.002134710000063933,0.0013747319999311003,0.00018200199974671705,0.0015990170004442916,0.001679308000348101,2.6919000447378494e-05,0.0026032499999928405,0.0017048859999704291,0.00047578500016243197,0.0014951200000723475,0.0018567779998193146,3.416000254219398e-06,0.0014994640005170368,0.0015683920000810758,-8.105999950203113e-05,0.008396770999752334,0.006403493999641796,-0.00028718400062643923,0.0023568269998577307,0.0034566300000733463,9.971100007533096e-05,0.008649024000078498,0.008117508999930578,0.000998188000266964,0.007387423999716702,0.0066648410002017044,0.0009910949993354734,0.007200876999377215,0.007137749999856169,0.0005305059994498151,0.005443158999696607,0.004812436000065645,0.0009836329991230741,0.10662957400018058,0.09595671699935338,0.00011581200033106143
0.004485127999942051,0.0015589399999953457,0.002073822999591357,0.0014517520003209938,0.0015137119999053539,-0.0013451689992507454,0.006209778000084043,0.0013423119999060873,0.004160072000559012,0.0037287569994077785,0.0017463670001234277,0.001693848999821057,0.002700339000512031,0.0023319190004258417,-0.0002743839995673625,0.0015142399997785105,0.0016517170006409287,1.0634000318532344e-05,0.001635884000279475,0.0015741180004624766,-8.165799954440445e-05,0.008453967999230372,0.006291974999840022,0.000780164999923727,0.002302736000274308,0.003050127000278735,9.008200049720472e-05,0.008758510000006936,0.008278866999717138,0.00028257299982215045,0.00719245799973578,0.006580821000170545,0.0008102269994196831,0.0073049700004048645,0.007128971999918576,0.00011974100016232114,0.005437227000584244,0.004888458000095852,0.0010322950010959175,0.10701234899988776,0.09204509200026223,0.005618071999379026
0.0023737130004519713,0.001547331999972812,0.000382414999876346,0.0018099509998137364,0.0015504880002481514,0.00013616699925478315,0.0025299910003013792,0.0013759650000793044,0.0003024320003532921,0.001932764000230236,0.0017997669992837473,-0.00014683900008094497,0.002707288000237895,0.0019576039994717576,-0.0018473839991202112,0.001519056000688579,0.0016362939995815395,5.063001481175888e-06,0.0016775060003055842,0.0017061859998648288,-5.109999619890004e-06,0.008392493000428658,0.0065836680005304515,0.0007061520000206656,0.0023547390001112944,0.002820390000124462,0.00023294700076803565,0.009070563000022958,0.007854344999941532,0.0004899750001641223,0.007666755000172998,0.006918906999999308,0.000632878000033088,0.007972899999913352,0.01272456799961219,0.0008398609998039319,0.005063503999735985,0.005109085999720264,0.0008698499996171449,0.10080583699982526,0.0995860029997857,-0.012655221000386518
0.0020864739999524318,0.002305593000528461,-0.0006821449997005402,0.0016765139998824452,0.0016225259996645036,-4.8937999963527545e-05,0.0029299509997144924,0.0013890019999962533,0.0009004650000861147,0.002384911999797623,0.0017880750001495471,0.00018131100023310864,0.0022180679998200503,0.0019911709996449645,-0.0004924479999317555,0.0015660640001442516,0.0022226270002647652,-0.00010147399916604627,0.002425927999865962,0.0016768509995017666,0.0008260609993158141,0.008867155000189086,0.006370531999891682,0.001412846000675927,0.0023367439998764894,0.003080602999943949,0.0001081829996110173,0.009156961999906343,0.008135962999404,0.0006909250005264767,0.006674336999822117,0.0068258239998613135,-0.0002860530003090389,0.007600931000524724,0.007358089999797812,0.00037905900080659194,0.00507097799982148,0.004363551000096777,0.0006977019993428257,0.11261917199954041,0.09540122100042936,-7.214099969132803e-05
0.002241506000245863,0.00159438799983036,-4.035499932797393e-05,0.0017458520005675382,0.0015851930002099834,-3.273899983469164e-05,0.0024617819999548374,0.0013869669992345734,0.0006620700005441904,0.0018591449997984455,0.0016194299996641348,-2.328000027773669e-05,0.0020712229998025578,0.0019283789997643908,-0.0009575550002409727,0.0016199680003410322,0.001725424000142084,-6.602999746974092e-06,0.0015841430004002177,0.0015660019998904318,5.2539000535034575e-05,0.008381707999433274,0.007388632000584039,0.0008686559995112475,0.002434220999930403,0.003012991000105103,0.00020166100057394942,0.009201824000228953,0.007988712000042142,0.0008113620006042765,0.007776807999107405,0.006685869000648381,0.0018516559994168347,0.009850653000285092,0.008195706999686081,0.0028456489999371115,0.005370641999434156,0.004088607000085176,0.0007197369995992631,0.10816605200034246,0.07618122700023378,-0.003684995000185154
0.0020738929997605737,0.0015263420000337646,-3.466800080786925e-05,0.002009516000725853,0.001639023000279849,-3.816399930656189e-05,0.0017738149999786401,0.0013957380006104358,-0.000681247000102303,0.0020108640001126332,0.001573618999827886,0.0001618549995328067,0.002013250000345579,0.002260027999909653,0.00015278600039891899,0.0017025809993356233,0.001760189999913564,0.00012000699916825397,0.001536736000161909,0.0015250000005835318,-0.00012544400033220882,0.008101913999780663,0.007878233999690565,-0.0005813799998577451,0.0024229780001405743,0.0028526269998110365,0.00022361399987858022,0.009160011000858503,0.008614747999672545,0.0012938360005136929,0.006725379000272369,0.00629973200011591,0.0008264930002042092,0.007860841000365326,0.006788412999412685,0.0008791640011622803,0.00507452799956809,0.004294897000363562,0.0008444260001851944,0.10867064699959883,0.10712026199962565,0.01734358300018357
0.001599823000105971,0.0015724670001873164,-0.00013178299923310988,0.003030138999747578,0.0018031270001301891,0.00037825099934707396,0.00224096300007659,0.0013890800000808667,-1.5819996406207792e-06,0.0020347449999462697,0.0016206560003411141,0.0003023210001629195,0.0018427149998387904,0.0020793820003746077,-6.395200034603477e-05,0.001599678000275162,0.0016006939995349967,-0.00025635299971327186,0.0018025149993263767,0.0018140840002160985,0.00025278499924752396,0.007574172000204271,0.00728315800006385,0.0008525220000592526,0.0024090950000754674,0.0028299389996391255,0.0001683609998508473,0.009536755000226549,0.008819812999718124,0.0010206530005234526,0.006655647000116005,0.00769163600034517,0.000607257999945432,0.0065577029999985825,0.007145624999793654,-0.00027001299986295635,0.0049716419998731,0.004317513999922085,0.0007291530000657076,0.09910203300023568,0.09901336299935792,-0.01204608899934101
0.0015863419994275318,0.0015846090000195545,0.00012529299965535756,0.0022339469996950356,0.0017923490004250198,-0.0004587940002238611,0.0016069240000433638,0.001352415999463119,0.0002172619997509173,0.002013844000430254,0.001764112999808276,0.00036171600095258327,0.0019339549999131123,0.0020322800000940333,3.09390006805188e-05,0.001991270999496919,0.001631489999454061,0.0002242399996248423,0.0016084490007415297,0.0017230290004590643,0.00010349400145059917,0.007614782000018749,0.008398331000535109,-4.469000487006269e-06,0.0023925510004119133,0.002720165999562596,0.00012663800043810625,0.009310747000199626,0.008282011000119383,0.0010180859999309178,0.006433158000618278,0.006692003000352997,-0.005464099999699101,0.008005900999705773,0.007065286000397464,0.0009019230001285905,0.0050737589999698685,0.004770366000229842,0.00019617900034063496,0.1094733259997156,0.09691862299951026,-0.00153618300009839
0.001711666000119294,0.0016752600004110718,9.12750001589302e-05,0.0020582959996318095,0.0016666800001985393,0.0001249369997822214,0.0014404829998966306,0.0013456020005833125,5.4147999435372185e-05,0.0017632859999139328,0.0017756529996404424,-7.387700043182122e-05,0.003750126999875647,0.002114703000188456,0.0021072950003144797,0.001973612000256253,0.0016058930004874128,1.904800046759192e-05,0.0019282180001027882,0.0018913989997599856,-0.0002099070006806869,0.008531899999979942,0.007187825999608322,0.00018312900010641897,0.00236114000017551,0.0037447720005729934,0.00011076900045736693,0.00890835900008824,0.008285797000098682,0.0003833620003206306,0.007574426999781281,0.006822291000389669,-0.0008861369997248403,0.007859519999328768,0.007600365000143938,0.0009045569995578262,0.004865908999818203,0.004705393000222102,-0.00023361900002782932,0.1057793429999947,0.08581466899977386,-0.00046640999971714336
0.0015928490001897444,0.0016252710001936066,3.715299953910289e-05,0.0020896969999739667,0.0015960009995978908,0.0002699269998629461,0.0014130280005701934,0.0013566810002885177,2.2277999960351735e-05,0.0017639789994063904,0.0021706689994971384,-6.434300030377926e-05,0.0017270799999096198,0.0023897689998193528,-0.00019281899949419312,0.0020132539993937826,0.0015577690001009614,-0.00029056400035187835,0.0017585479999979725,0.0017897400002766517,1.2233000234118663e-05,0.00808504099950369,0.006524764999994659,0.0001795210000636871,0.0024150290000761743,0.003684605999296764,0.00020971199955965858,0.00910569799998484,0.008054429999901913,0.001080068999726791,0.006312315999821294,0.006912116999956197,0.000326858999869728,0.007962663999933284,0.0073433970001133275,0.0010022039996329113,0.005485489000420785,0.004437298000084411,0.0009082640008273302,0.09190967699942121,0.10993120900002396,-0.015880233000643784
0.001596435000465135,0.0016938749995460967,-0.00015515999984927475,0.0020115839997743024,0.0016177010002138559,1.4838999959465582e-05,0.001402766999490268,0.0013705870005651377,1.3750000107393134e-05,0.0019168850003552507,0.001875214999927266,-1.2176999916846398e-05,0.0020047980005983845,0.0022641020004812162,0.0003080810001847567,0.0020678310002040234,0.0015353839999079355,-1.8138999621442053e-05,0.001644740000301681,0.0018048820002150023,-5.4922999879636336e-05,0.008145728999807034,0.006726815000547504,0.0008243169995694188,0.002416934000393667,0.0034236700003020815,0.00017031200059136609,0.009062959999937448,0.008325499000420677,0.0008615520000603283,0.006833049999841023,0.0069239300000845105,0.001943380999364308,0.007881117999204434,0.007385740999779955,0.0007602249988849508,0.004964931000358774,0.00452723399939714,0.0005098130004626,0.10889883099935105,0.10971908600004099,-0.001024707001306524
0.0016265679996649851,0.001664475000325183,2.7168000087840483e-05,0.002001376999942295,0.0015703589997428935,-1.5800000255694613e-05,0.0014038669996807585,0.001377284999762196,-1.513000825070776e-06,0.0017978930000026594,0.0018212170007245732,8.154000170179643e-06,0.0017814350003391155,0.00368055099988851,-0.0004032870001537958,0.00222321599994757,0.0015468299998246948,0.00012180999965494266,0.001731139999719744,0.002170101999581675,4.5435000174620654e-05,0.008064280999860785,0.006467778000114777,0.0010297159997207928,0.0023599680007464485,0.0029590379999717698,0.00029375500071182614,0.008734089999961725,0.008096639000541472,0.0007599070004289388,0.005203826999604644,0.006584796000424831,6.543899962707656e-05,0.007989900000211492,0.007185069999650295,0.0001994459998968523,0.005277418999867223,0.004441557000063767,0.000743083000088518,0.10544655700050498,0.10849788999985321,-0.007483713999135944
0.001697856000646425,0.0017277869992540218,0.00024011100049392553,0.0019047010000576847,0.0014881799997965572,0.00020365799991850508,0.0014186500002324465,0.0013872700001229532,3.230700076528592e-05,0.0017993970004681614,0.0017580190005901386,4.1203001273970585e-05,0.002469664999807719,0.0027375130002837977,0.0006147209996925085,0.002223700000286044,0.0015753150000819005,0.0002390710005784058,0.0018545319999248022,0.0020713900003102026,9.715799933474045e-05,0.009527189999971597,0.00657331599995814,0.0029480699995474424,0.0024893729996620095,0.002679141000044183,0.0001983399997698143,0.008765153000240389,0.008313997000186646,0.0009636060003685998,0.00649702300052013,0.006624453999393154,-1.1206999261048622e-05,0.00840085099935095,0.007491109000511642,0.0005480559993884526,0.005221598999924026,0.004686510999817983,0.0006945040004211478,0.11459823800032609,0.10628697900028783,0.003431834000366507
0.0015470270000150776,0.0018294229994353373,-3.320099949633004e-05,0.0026602230000207783,0.0014661459999842918,4.8066999625007156e-05,0.0013715120003325865,0.0013907319998907042,-8.352999429916963e-06,0.0022953199995754403,0.0018964869996125344,0.00045865199990657857,0.001978629000404908,0.0017205270005433704,0.0001807409998946241,0.0019927259991163737,0.0015153529993767734,-2.6315001377952285e-05,0.0018014839997704257,0.001625793999664893,0.0002695260000109556,0.008570834000238392,0.006573319999915839,0.0022747960001652245,0.002317202999620349,0.0024166869998225593,-1.2376000995573122e-05,0.008611834000475938,0.0081519590003154,0.0005485140000018873,0.007691208999858645,0.0064011929998741834,0.0013851570001861546,0.008092088000012154,0.0076802930007033865,0.000187646000085806,0.005490290999659919,0.005753762000495044,0.0011180339997736155,0.09749472500061529,0.10995277700021688,-0.011724926998795127
0.0016986000000542845,0.0015197720003925497,0.0002498009998816997,0.0017289590005020727,0.0013873839998268522,0.0003346430003148271,0.003467635000561131,0.001417842000591918,0.0017059310011973139,0.0016910639997149701,0.0025445319997743354,0.0003031859996553976,0.001725611999972898,0.0023120010000639013,0.0002781529992716969,0.0019058380003116326,0.0021941109998806496,0.0004252320004525245,0.0017262010005651973,0.0023609119998582173,0.00029761499990854645,0.0067048649998469045,0.007774396000058914,0.0009027269998114207,0.0033253130004595732,0.002881307999814453,0.0008212160000766744,0.0070197999993979465,0.006109201999606739,0.0006139449997135671,0.00644120099968859,0.006912930999533273,0.0003781729992624605,0.00626799099973141,0.007380041999567766,-2.5987000299210194e-05,0.0037915749999228865,0.004008046999842918,0.0006490379992101225,0.11142697400009638,0.1109498870000607,0.005662411999765027
0.001484317999711493,0.0015177730001596501,-0.00016457400033687009,0.0014125219995548832,0.0013839530001860112,-0.0004245179998179083,0.0016754839998611715,0.0014134299999568611,8.112599971354939e-05,0.0014066730000195093,0.0019992959996670834,1.737099955789745e-05,0.0016016220006349613,0.0022193929999048123,6.86370003677439e-05,0.0015058540002428344,0.0020891100002700114,-4.794799951923778e-05,0.0014423330003410229,0.002406474000054004,2.1949999791104347e-06,0.005860015000507701,0.007909335000476858,0.0003083359997617663,0.0023276989995792974,0.002879648000089219,0.00015551399974356173,0.00648859899956733,0.006573792999915895,0.00020538999888231046,0.006469125999501557,0.006545199999891338,0.0002150150003217277,0.007012820000454667,0.007408012000269082,-0.00022422999973059632,0.0033414409999750205,0.004492236999794841,0.00018037100016954355,0.11096539099980873,0.11041430200020841,0.005474233999848366
0.0018322149999221438,0.0015568230001008487,-0.0007957260004332056,0.0018224410005132086,0.0013923940005042823,-4.529999387159478e-06,0.0020052230001965654,0.0014163850000841194,0.0004104919999008416,0.0014110760002949974,0.006738091000443092,3.599299998313654e-05,0.001566889999594423,0.0019261540001025423,0.0001400399996782653,0.0015798220001670416,0.00211206900075922,3.340500006743241e-05,0.0014402950000658166,0.0024510180001016124,-4.388999514048919e-06,0.007522595999944315,0.0075628060003509745,-0.00016866800069692545,0.0023358510006801225,0.0034111340000890777,-0.00012956999944435665,0.006324322000182292,0.006354310999995505,6.376799956342438e-05,0.0069390019998536445,0.0065400770008636755,0.0006070780000300147,0.0081943040004262,0.0071984859996518935,0.0011171160003868863,0.0032263499997498,0.004484064000280341,3.327200010971865e-05,0.09925826000016968,0.10875902400039195,-0.01044626199927734
0.0019921089997296804,0.0015613290006513125,0.00027136399967275793,0.0017558560002726153,0.0013805059998048819,7.219000508484896e-06,0.0016564260004088283,0.0014332260006995057,4.137900032219477e-05,0.0014108770001257653,0.0024575679999543354,-6.835599924670532e-05,0.0014944159993319772,0.0015927600006762077,2.5008998818520922e-05,0.0020964010000170674,0.002229517000159831,0.0006106439996074187,0.0014185170002747327,0.0024751159999141237,-1.3658999705512542e-05,0.00882898599957116,0.007880455999838887,0.00271625299956213,0.002438309999888588,0.0028713120000247727,0.0002985440005431883,0.006243419999918842,0.00599972500003787,-9.602699992683483e-05,0.007278378000592056,0.008550354999897536,0.0005621990003419342,0.008015086999876075,0.0075903950000792975,0.0006592690006073099,0.0033402839999325806,0.003928044000531372,0.00011558799997146707,0.11045035400002234,0.10731550000036805,0.0012183359995106002
0.0018085640003846493,0.0015489039997191867,-0.0004109009996682289,0.0017694050002319273,0.0014154139998936444,1.9924000298487954e-05,0.0015770500003782217,0.0014229170001271996,-4.537299901130609e-05,0.001458302999708394,0.0028124549999120063,1.359999987471383e-05,0.00146955899981549,0.0016887510000742623,-0.00016911800048546866,0.0015330679998442065,0.002116599999681057,6.332200064207427e-05,0.001433624000128475,0.0033873689999381895,-0.00016206700001930585,0.007618614999955753,0.007413339999402524,-0.0002264949998789234,0.0025409749996470055,0.006621317000281124,0.00021684500006813323,0.006484419999651436,0.006214237999301986,2.6425000214658212e-05,0.0076474839997899835,0.006228178999663214,0.0013931900002717157,0.00814213700050459,0.007648609000170836,0.0007643280005140696,0.003398721999474219,0.004344274999311892,0.00011698299931595102,0.09200958299970807,0.10870754299958207,-0.0070712720007577445
0.0020804089999728603,0.0014817600003880216,-0.0019971370002167532,0.0017683220003164024,0.0013977240005260683,5.4770000133430585e-05,0.0016300329998557572,0.0014192850003382773,-7.225799981824821e-05,0.001495939000051294,0.0021687850003218045,7.82489996709046e-05,0.0014826440001343144,0.001667540999733319,7.833200015738839e-05,0.0014313980000224547,0.0016734390001147403,-6.586099971173098e-05,0.0014467940000031376,0.002897683999435685,1.8980000277224462e-05,0.008548331999918446,0.007897229999798583,0.0008311680003316724,0.0023979399993550032,0.004471585999453964,-8.13430006019189e-05,0.006308866999461316,0.00614747300005547,6.951599971216638e-05,0.007720986000094854,0.007845381999686651,0.0007402310002362356,0.008146488000420504,0.007161629000620451,0.0005781200006822473,0.0034248609999849577,0.004768277000039234,4.429799992067274e-05,0.10683296800016251,0.11287706999974034,-0.0023342829999819514
0.009390995999638108,0.0020049929999004235,0.007346321999648353,0.0017579209998075385,0.0013891079997847555,5.2967999181419145e-05,0.0016718549995857757,0.001372403999994276,2.183699962188257e-05,0.0014099069994699676,0.00203231900013634,-0.00042999200013582595,0.0014733010002601077,0.002756801000032283,-0.00010371399912401102,0.0014689250001538312,0.0016664410004523234,4.2501999814703595e-05,0.0014378470004885457,0.0019716380002137157,-0.00016953599879343528,0.008514641000147094,0.007127306999791472,0.0006293210008152528,0.0023451719998774934,0.0036641769993366324,6.811000002926448e-05,0.006365935000758327,0.006164648999401834,2.926900106103858e-05,0.007544156000221847,0.006773862000045483,0.0010177760004808079,0.007928227999400406,0.007597548999910941,0.0005596819992206292,0.003363976999935403,0.00479131799966126,-2.927799960161792e-05,0.11256400500042218,0.11131808399932197,0.0016699950001566322
0.0019742969998333137,0.0015416759997606277,6.91029999870807e-05,0.001786333000382001,0.0014005890006956179,9.640600001148414e-05,0.0016203350005525863,0.0014239830006772536,-6.952999683562666e-06,0.0023035519998302334,0.0017122089993790723,0.00010534299963183003,0.0014697780006827088,0.0014368620004461263,1.4228000509319827e-05,0.0014236229999369243,0.0018494760006433353,-6.563999704667367e-06,0.001507570000285341,0.003559781000149087,6.420700083253905e-05,0.008658034999825759,0.007501299000068684,0.0008664859997224994,0.002371696000409429,0.0032855259996722452,9.132100058195647e-05,0.006419116000870417,0.0063778280000406085,0.00011940500098717166,0.007207733999166521,0.006645253999522538,0.0006580379995284602,0.007982068000274012,0.007728376000159187,0.0006454300000768853,0.00352185300016572,0.004574145000333374,0.00029964900022605434,0.11097382000025391,0.10964804800005368,0.0037153029998080456
0.0022239619993342785,0.0016706010001144023,0.0005009539991078782,0.001935225000124774,0.00138401200001681,0.0001641530006963876,0.001779724999323662,0.0013928099997428944,0.00014418699993257178,0.00222153899994737,0.0025703030005388428,-4.9623000450083055e-05,0.0014711089997945237,0.002520590000131051,1.6821999452076852e-05,0.0014668450003227917,0.0016634889998385916,-0.00011525599893502658,0.0015095830003701849,0.0026950020001095254,-0.00013542200031224638,0.00834221599961893,0.00780215099985071,0.0005556889991567004,0.0025000770001497585,0.003206360999683966,0.0003004300006068661,0.009783595000044443,0.006360520000271208,0.003507499000079406,0.007163579000007303,0.006562194999787607,0.0005299430004015449,0.008073158000115654,0.007677497000258882,0.0008731130001251586,0.0038371880000340752,0.004567766999571177,-0.0003574679994926555,0.10228400199957832,0.1079248389996792,-0.0018322530004297732
0.0018786109994834987,0.0014077969999561901,0.00031673600005888147,0.0018003810000664089,0.0013886120004826807,9.644200054026442e-05,0.0016153280002981774,0.0014338450000650482,-6.208999366208445e-06,0.0021677300001101685,0.0020171679998384207,0.00018301499949302524,0.0014709329998368048,0.0015639990006093285,1.611800053069601e-05,0.0015013439997346723,0.0022252480002862285,1.1638999239949044e-05,0.0017923269997481839,0.0021258090000628727,1.6201999642362352e-05,0.00948207400051615,0.007728182999926503,0.002617735000058019,0.002438837999761745,0.0032750689997556037,-0.00033746700046322076,0.006495384000118065,0.0064615779992891476,8.835300013743108e-05,0.007321946000047319,0.005896325999856344,0.000762711999414023,0.0082289789997958,0.007695321000028343,0.000549384999430913,0.005139179000252625,0.00439901500067208,0.0010554239997873083,0.11032827099916176,0.10943802400015556,0.006590851999135339
0.0015573489999951562,0.001514838999355561,1.766399964253651e-05,0.0017787739998311736,0.0014088099997024983,8.78549999470124e-05,0.0016166809991773334,0.0014218839996829047,-6.230100098036928e-05,0.004535772000053839,0.0023836210002627922,0.0017821450001065386,0.0014794649996474618,0.0015731120001873933,7.178899977589026e-05,0.0015140999994400772,0.0016201879998334334,-1.3905000741942786e-05,0.0023339899998973124,0.0017827780002335203,0.00032460800048284,0.007152602000132902,0.008039256999836653,-0.000538934999894991,0.004183051999461895,0.003534546999617305,0.001280324999243021,0.006726390999574505,0.006285773999479716,0.0003884679999828222,0.007388345999970625,0.006218284999704338,0.0006522070007122238,0.008280212000499887,0.007481362000362424,0.0005453270005091326,0.004830761000448547,0.004105277999769896,-0.004468381000151567,0.10629253800016158,0.11206331399989722,0.015411401000164915
0.001544036999803211,0.001498931999776687,0.00011304200052109081,0.001997495999603416,0.0013839350003763684,-0.001045365999743808,0.0016352350003216998,0.0014322489996629884,-5.932000021857675e-06,0.0038341660001606215,0.003990660000454227,0.0008894190004866687,0.0014602470000681933,0.0019340459994054982,1.0567000572336838e-05,0.0015619340001649107,0.0016238079997492605,6.331300028250553e-05,0.0020795459995497367,0.003350210000462539,3.392699909454677e-05,0.008431419999396894,0.007555216000582732,0.00048323699957109056,0.003844644999844604,0.0036193699997966178,0.0008543149997422006,0.006600992999665323,0.006157955999697151,0.0002824080002028495,0.007224379999570374,0.005673502000718145,0.00019119599983241642,0.008242687999882037,0.007306894000066677,0.000464060000012978,0.005932588999712607,0.004249822999554453,0.0012620460001926403,0.10489331700046023,0.09915219800041086,-0.008298065999952087
0.001844788000198605,0.0014147150004646392,0.00033998300023085903,0.002850946000762633,0.001403289999871049,-0.0004965659991285065,0.001647667999350233,0.0013954140003988869,0.00011911299861822044,0.0018572389999462757,0.002283871999679832,-0.0003122359994449653,0.0014898009994794847,0.001633464000406093,-3.919400023733033e-05,0.0014607989996875403,0.001638617000025988,-6.137400032457663e-05,0.002521453999179357,0.0025414450001335354,0.000416636999034381,0.008662779000587761,0.007476732999748492,0.0008893340009308304,0.0037872390003030887,0.003929436999897007,0.0006292910002230201,0.006466911000643449,0.0062395020004260004,0.00015217500094877323,0.00755552999999054,0.006455919000472932,0.0012187190004624426,0.00833036199946946,0.0075432939993334,0.0007163539994508028,0.005076237999674049,0.0044784050005546305,7.5517998993746e-05,0.1080495409996729,0.08595791400057351,0.0022014320002199383
0.0016077629998108023,0.002056362000075751,5.739399966842029e-05,0.0023968490004335763,0.0013837129999956232,0.000432326999543875,0.0017050739998012432,0.0014317320001282496,7.221400028356584e-05,0.002312913999958255,0.00217121599962411,0.00034682400018937187,0.0014199689994711662,0.0015272809996531578,-1.4466000720858574e-05,0.001459074999729637,0.001598165000359586,1.4747000022907741e-05,0.002781440999569895,0.0020607090000339667,-5.760299973189831e-05,0.008134589999826858,0.007443148000675137,0.0006125730005805963,0.0037114930000825552,0.003357175000019197,0.000598923999859835,0.00635331400007999,0.00618318599936174,-1.1499999345687684e-05,0.00741922599991085,0.0065979979999610805,0.0001032979998853989,0.008438448000561038,0.0075358899994171225,-0.003162144999805605,0.005676388999745541,0.004249498999342904,0.0006341669995890697,0.10348936399986997,0.10735763699995005,-0.0014353530004882487
0.0014636300002166536,0.0016201959997488302,7.596800060127862e-05,0.002043247999608866,0.0013968929997645319,-0.00045907900039310334,0.0016987889994197758,0.001412993000485585,-0.0001432390008631046,0.0018381899999440066,0.00195185099983064,-0.00020025500089104753,0.0014430709998123348,0.0015055439998832298,-0.0009000020008897991,0.001478383000176109,0.0015979330000845948,1.9545999748515896e-05,0.0024803799997243914,0.0028222530008861213,-0.001970766000340518,0.00832877799984999,0.00733119100004842,0.0008544319998691208,0.003754019000552944,0.0036697530003948486,0.0006081520004954655,0.006336948000353004,0.008218668999688816,-0.0001816849999158876,0.00731549299962353,0.006431402000089292,0.000766706999456801,0.007902986999397399,0.007333737999942969,0.00035546099934435915,0.005187271999602672,0.004857751000599819,0.0006548679994011763,0.11288605899972026,0.1057250900003055,0.005017706999751681
0.001525677999779873,0.001487939000071492,-0.00019783400057349354,0.0026627979996192153,0.0014124930003163172,0.0005773939992650412,0.002347925000321993,0.0014258500004871166,-0.000348793999364716,0.0017658249998930842,0.0018752109999695676,0.00014624699997511925,0.0015416090000144322,0.0019004099995072465,-7.431000085489359e-06,0.0015069249993757694,0.001585218999935023,5.5880998843349516e-05,0.0031422270003531594,0.0017371519998050644,0.0012709480006378726,0.00821057400025893,0.007186318999629293,0.0006469469999501598,0.00387448499986931,0.003367274000083853,0.00048671599961380707,0.008920075999412802,0.006371528999807197,0.0010830119990714593,0.007627774999491521,0.006555463999575295,0.0007187629998952616,0.0078023659998507355,0.007125505999283632,0.00040790100047161104,0.0054523369999515126,0.00466022199998406,0.0006514579999929992,0.10812770499978797,0.11006425599953218,-0.0007131940001272596
0.0018352249999225023,0.0015394110005217954,0.00029464300041581737,0.0026737879998108838,0.0013856150007995893,-0.00036625800021283794,0.0021319909992598696,0.0014560999998138868,0.0006929139990461408,0.001627986000130477,0.0018511759999455535,-8.672299918544013e-05,0.0015943359994707862,0.001503096000305959,6.075999408494681e-06,0.0014567340003850404,0.001576851999743667,-2.4652999854879454e-05,0.0037509180001507048,0.0018125910000890144,0.0005714560002161306,0.008185384999706002,0.007692631999816513,0.0007425459989462979,0.003902641999957268,0.002984742000080587,0.0002976199994009221,0.006229937000171049,0.00622652400033985,0.00014631000067311106,0.00711161799972615,0.006496147000689234,0.00047260799965442857,0.008025183999961882,0.007606318999933137,0.0006643710003118031,0.004819246000806743,0.004276130000107514,0.0008158820010066847,0.10676138500002708,0.10801338799956284,-0.003223239999897487
0.0020543020000332035,0.0015443519996551913,0.0005385289996411302,0.0023288080001293565,0.001396850999299204,0.0002539080005590222,0.0015141970006880001,0.0014069290000406909,-7.11939992470434e-05,0.0017474790001870133,0.002050485999461671,-0.000191908999113366,0.0015134559998841723,0.001732403000460181,2.0460000087041408e-05,0.0014373080002769711,0.0016407180000896915,-5.111999598739203e-06,0.002712866999900143,0.0019408899997870321,0.0004854059998251614,0.008288676000120176,0.007610040999679768,0.0012183680000816821,0.005416417999185796,0.002720436999879894,0.0013201229994592723,0.00625780200061854,0.006252769000639091,0.0001234520013895235,0.007436351000251307,0.006884240000545105,0.0005078140002297005,0.0079091999996308,0.007274857999618689,0.0006158609994599828,0.005007394000131171,0.0042734599992400035,0.0005583380007010419,0.10564675300065574,0.10627884099994844,-0.004108713998903113
0.0014860929995847982,0.001598654000190436,2.330899951630272e-05,0.0026854790003199014,0.0014146230005280813,-0.00030896099906385643,0.0015335489997596596,0.0014059350005481974,-2.040999970631674e-05,0.0017920030004461296,0.0018201499997303472,-0.00032374399961554445,0.0014200640007402399,0.002165679999961867,-5.9976999182254076e-05,0.001445263999812596,0.0015877579999141744,2.2715999875799753e-05,0.0017939600002137013,0.001898609999443579,-1.6319999303959776e-05,0.007567528999970818,0.007544375999714248,0.0001404960003128508,0.007754354999633506,0.00301025800035859,0.003908665999006189,0.006345015000079002,0.006324445999780437,-6.704800034640357e-05,0.007429274000060104,0.006619452999984787,0.00033586999961698893,0.008044832999985374,0.007814087000042491,0.0007902359993749997,0.005070800999419589,0.004856758000642003,0.000892620999366045,0.1098603889995502,0.10801268199975311,-1.098200027627172e-05
0.0014812489998803358,0.001414117999956943,3.247299991926411e-05,0.002327849999346654,0.001395660999151005,0.0008643430001029628,0.0014957900002627866,0.001522530000329425,3.847900097753154e-05,0.0019442309994701645,0.0021838400007254677,0.00015813499885553028,0.0015474000001631794,0.005874811000467162,7.322400051634759e-05,0.001414452000062738,0.00158908000048541,-1.5087000065250322e-05,0.0018057890001728083,0.0017568310004207888,0.00017744599972502328,0.007623272000273573,0.007405717999972694,0.00047201399956975365,0.00410128400017129,0.0038366720000340138,0.0006223469999895315,0.0062215400002969545,0.006219390999831376,0.0001063980007529608,0.0076155529995958204,0.0066218960000696825,0.0006542720002471469,0.008048708999922383,0.007323078999434074,0.0008830139995552599,0.004880165000031411,0.004619771999387012,0.0001660799998717266,0.10008750899942243,0.10656120800013014,-0.011820151999927475
0.0017273459998250473,0.0015235259998007677,0.00029120599992893403,0.0014682040000479901,0.0014165450002110447,-0.00011334899954817956,0.0014634760000262759,0.0013731700000789715,2.6449000870343298e-05,0.0017838900002971059,0.0020006160002594697,-0.0003224020001653116,0.001795531999960076,0.0016855310004757484,0.0002333390002604574,0.0015435939994858927,0.0015854499997658422,-9.216200123773888e-05,0.0019345330001669936,0.00183271900004911,-7.533900043199537e-05,0.007608872000673728,0.0075730270000349265,0.00032359600118070375,0.003435020999859262,0.00333361100001639,0.0005200569994485704,0.006522227000459679,0.006722826000441273,0.00020281400065869093,0.007478040000023611,0.006559696999829612,0.0006897080002090661,0.00816923799993674,0.007242753000355151,0.0010489409996807808,0.005650816000525083,0.004741769999782264,0.0010960870004055323,0.10774024200054555,0.10854618800021854,-0.0055527449994769995
0.0014366550003614975,0.0015238280002449756,3.688300057547167e-05,0.0014569129998562858,0.0013860140006727306,-0.00010278300032950938,0.0015989129997251439,0.0014217109992387122,0.00010046500028693117,0.0020229780002409825,0.0021210929999142536,0.00036384100076247705,0.001491349999923841,0.001772167000126501,-7.372900017799111e-05,0.0015145010002015624,0.0017262940000364324,-4.007499956060201e-05,0.0022046429994588834,0.0017298799994023284,-0.0007513990003644722,0.008363861999896471,0.007159986999795365,0.0008338099996763049,0.0026956080000672955,0.0026971509996656096,8.569000056013465e-05,0.006309612999757519,0.006189591999827826,2.110799960064469e-05,0.007559462999779498,0.00635590699948807,0.000925076000385161,0.007996514000296884,0.007550284999524592,0.0007306020006581093,0.0067622879996633856,0.004346777000137081,0.0019011189997399924,0.11166875599974446,0.10947177900015959,0.029712212999584153
0.001425029000529321,0.001518793999821355,-2.1922999621892814e-05,0.0014927560005162377,0.0013811710005029454,-4.297499890526524e-05,0.0014310220003608265,0.0014074359996811836,4.8760002755443566e-06,0.0016198330004044692,0.0021868710000489955,5.953600066277431e-05,0.001474220999625686,0.0016608300002189935,-3.4004000553977676e-05,0.001652575000662182,0.0018196119999629445,6.868800119264051e-05,0.0023741619997963426,0.0020690410001407145,6.306599971139804e-05,0.008439950000138197,0.007560453000223788,0.0013237500006653136,0.002800989000206755,0.0035982139997940976,0.0003230520005672588,0.006646834000093804,0.00621787599993695,0.00019057000008615432,0.00826745500035031,0.006800879999900644,0.0020293530005801586,0.008069713000622869,0.007361777999904007,0.0006284390001383144,0.007824907999747666,0.005303457999616512,0.0037494429998332635,0.1073773540001639,0.1017260049993638,-0.0016407680004704162
0.0016752640003687702,0.0014573560001736041,-0.00013313799991010455,0.0015525990002061008,0.0013676560001840699,8.217899994633626e-05,0.0014875699998810887,0.0014208560005499749,-5.563200011238223e-05,0.0016926649996094056,0.0019352670005901018,0.0001288659996134811,0.0017569740002727485,0.0016523690001122304,-0.00042376199962745886,0.0017169100001410698,0.0015854639996177866,9.813300039240858e-05,0.002319268999599444,0.002060742999674403,-0.00015617900044162525,0.008002509999641916,0.007732658000350057,-0.0005212559999563382,0.003117958999609982,0.003466047000074468,0.000754189999497612,0.0062116389999573585,0.006190895999679924,-0.003146308999930625,0.007483211999897321,0.007155100000090897,0.00080992499988497,0.008118361999549961,0.007352594000622048,0.0007372719992417842,0.00463138700069976,0.004067361000124947,0.0006753890002073604,0.11065498199968715,0.10613771099997393,-0.0003113670009042835
0.0015475280006285175,0.0015282080003089504,5.228400004853029e-05,0.001466343999709352,0.001401513999553572,5.0259000090591144e-05,0.0015053329998409026,0.0013828329992975341,2.349399983359035e-05,0.0018224499999632826,0.0020293510006013094,4.987600004824344e-05,0.0024903270004870137,0.002971967000121367,0.0006327010005406919,0.0016665470002408256,0.0015983880002750084,-2.2129000171844382e-05,0.002802554000481905,0.0016768709992902586,0.0006450950004364131,0.00863840399961191,0.007421835000059218,0.0010666899997886503,0.0028180070003145374,0.003934751000087999,0.00047064399950613733,0.0063867469998513116,0.006110004000220215,0.00027321400011715014,0.007232592000036675,0.006871395000416669,0.0006570639998244587,0.00800043200069922,0.007037118999505765,0.0008005670006241417,0.004439133999767364,0.004238483999870368,0.0006833339994045673,0.10903128599966294,0.10178073899987794,-0.0005798519996460527
0.0015042069999253727,0.0014932859994587488,7.947399990371196e-05,0.0014632240008722874,0.001394734999848879,-0.00010417199882795103,0.0015256930000759894,0.0014110530000834842,6.224500066309702e-05,0.0017618310002944781,0.002032816999417264,7.916800041130045e-05,0.0017194809997818084,0.001627382000151556,0.00014677800027129706,0.0018050799999400624,0.0015902280001682811,-1.0413000381959137e-05,0.0025064820001716726,0.0019915579996450106,0.00019995699949504342,0.008666455999446043,0.007643907999408839,0.0007479709993276629,0.002746661999481148,0.0035289309998915996,0.0002135399990947917,0.006294582999544218,0.006162324999422708,0.00022126999920146773,0.007427857999573462,0.006636026999331079,-0.003487549000965373,0.008008913999219658,0.007524668999394635,0.0006394349993570358,0.004110602999389812,0.003925547000108054,-0.00018142600038117962,0.10798554799930571,0.10614671100029227,0.0028615889996217447
0.0014759690002392745,0.0016894589998628362,-0.00010711699997045798,0.0014756939999642782,0.0013981740003146115,9.153399969363818e-05,0.0015515929999310174,0.0014030140000613756,3.764099983527558e-05,0.001677871000538289,0.0020715229993584217,-8.672700005263323e-05,0.002306069999576721,0.001460045999920112,0.00033594700016692514,0.001773363999745925,0.0017944689998330432,-0.00013277499965624884,0.002194366999901831,0.0018161380003220984,-0.0005602710007224232,0.008581019000303058,0.007238524000058533,0.0013635850000355276,0.0030954759995438508,0.003724862999661127,0.0004686439997385605,0.006305289000010816,0.006278652999753831,3.300010575912893e-08,0.006972110000788234,0.006593099999918195,-0.006006469999192632,0.00806551000005129,0.00761974899978668,0.0008320120005009812,0.004933420999805094,0.004647063000447815,0.0004570319997583283,0.10917056099970068,0.11016087999996671,0.02161434699974052
0.0015246579996528453,0.0015122439999686321,1.9007000446435995e-05,0.0014180319994920865,0.0013821700003973092,4.585998794937041e-06,0.001505996000560117,0.0016078070002549794,-2.8639999982260633e-05,0.0018340269998589065,0.002202220000071975,-0.00011173000075359596,0.0023336080002991366,0.0014346819998536375,-0.0010120099996129284,0.0018896020001193392,0.0016049209998527658,-2.7799978852272034e-07,0.003082659000028798,0.002149668000129168,0.0006843330002084258,0.008103588999802014,0.007433335999849078,0.0005045150001024012,0.0031327340002462734,0.003520006999679026,0.00028333299997029826,0.006280304000028991,0.006291032999797608,0.00023873800000728806,0.007320466999772179,0.006766765000065789,0.0008572509996156441,0.00798516099985136,0.00734778300011385,0.00037577700004476355,0.005184883000765694,0.004195374000119045,0.00016823200076032663,0.11074412699963432,0.1106038650004848,0.004884287999630033
0.0019519269999364042,0.0015066219993968843,0.0004616819996954291,0.0014236799997888738,0.0013998730000821524,3.602599917940097e-05,0.001559299000291503,0.001510367000264523,2.0578000658133533e-05,0.0016469560005134554,0.0025923820003299625,-0.0001412759993399959,0.001730120000502211,0.001419342999724904,-0.00030108200007816777,0.001980172000003222,0.0015715399995315238,-0.000385636999453709,0.001881047000097169,0.0019922780002161744,0.0001250650002475595,0.008174005000000761,0.007362874999671476,0.0005700120000255993,0.0028728429997499916,0.0032131749994732672,0.0001749259999996866,0.006312339000032807,0.006088326999815763,0.00019525900006556185,0.007705486999839195,0.006616392000069027,0.0011428489997342695,0.008166362999872945,0.0074638870000853785,0.000569223999264068,0.004849550000471936,0.004827354000553896,0.000797304000116128,0.10983280900018144,0.11058772300020792,0.0019331599996803561
0.001474984000196855,0.0014370769995366572,5.339800009096507e-05,0.0014047650001884904,0.0013937069998064544,8.695999895280693e-06,0.0019508790001054876,0.0014099529998929938,0.0005140719995324616,0.0018255739996675402,0.0023599870000907686,0.00017375300012645312,0.0017131599997810554,0.0014895609992890968,-0.0001432250001016655,0.002214689000538783,0.0015909190005913842,-0.002035119999163726,0.001922341999488708,0.0018238550001115073,-0.000329365000652615,0.008268216000033135,0.007554566999715462,0.000398189000407001,0.0030506639996019658,0.002329841999198834,0.0005825559992445051,0.006362650000482972,0.007140919999983453,0.00014425700010178844,0.008637144000203989,0.006466417999945406,0.0021134250000613974,0.008224782000070263,0.007227095000416739,0.000599259000409802,0.0050261540000065,0.004999669999961043,0.0009270299997297116,0.11179865499980224,0.11323094199997286,0.001487899000494508
0.0014796109999224427,0.001408078000167734,-9.040199984156061e-05,0.0014302439994935412,0.0014285469997048494,2.6402000003145076e-05,0.0014384079995579668,0.0014705539997521555,6.26499968348071e-06,0.0024254169993582764,0.0032334480001736665,0.0006402379995051888,0.0017497729995739064,0.0015634840001439443,-0.0024867080010153586,0.002161969000553654,0.001737042999593541,2.6403000447317027e-05,0.0030284960002973094,0.0017710170004647807,8.653500026412075e-05,0.008496585000102641,0.007576728999993065,0.0006563440001627896,0.003158702000291669,0.002309188999788603,8.205799986171769e-05,0.006229427999642212,0.014571058000001358,-0.0001497490002293489,0.00787645199943654,0.005872916000043915,0.0014145139994070632,0.00815456600048492,0.007836900999791396,0.0006244600008358248,0.006026163000569795,0.004781059000379173,0.001274896000722947,0.10901221000040096,0.1111895240001104,0.0007718269998804317
0.0014863019996482763,0.0014484779994745622,1.3502999536285643e-05,0.0014100380003583268,0.001379788000122062,3.2963999728963245e-05,0.0014572700001735939,0.0014312740004243096,1.3905999367125332e-05,0.002223237999714911,0.0027588530001594336,-0.0001157670003522071,0.0019238830000176677,0.0016496910002388177,0.00018076000014843885,0.0029578190005850047,0.0020308419998400495,0.0007828310008335393,0.0027187309997316333,0.002340471999559668,0.00011925099988729926,0.008640363999802503,0.007514652000281785,0.0008990289998109802,0.003700799999933224,0.002329586000087147,0.000521703000231355,0.01013561000036134,0.006590289000087068,0.0037101320003785077,0.007688953000069887,0.006602012000257673,0.0010243830001854803,0.008257221000349091,0.007502755000132311,0.0006027030003679101,0.005882804000066244,0.004289942000468727,0.000975904999904742,0.10468650300026638,0.10995261400057643,-0.006939558999874862
